[
    {
        "name": "stripe/stripe-php",
        "version": "v6.35.2",
        "version_normalized": "6.35.2.0",
        "source": {
            "type": "git",
            "url": "https://github.com/stripe/stripe-php.git",
            "reference": "f2fefccf3b56b453d65959f44f35b7fb9a8ae9bc"
        },
        "dist": {
            "type": "zip",
            "url": "https://api.github.com/repos/stripe/stripe-php/zipball/f2fefccf3b56b453d65959f44f35b7fb9a8ae9bc",
            "reference": "f2fefccf3b56b453d65959f44f35b7fb9a8ae9bc",
            "shasum": ""
        },
        "require": {
            "ext-curl": "*",
            "ext-json": "*",
            "ext-mbstring": "*",
            "php": ">=5.4.0"
        },
        "require-dev": {
            "php-coveralls/php-coveralls": "1.*",
            "phpunit/phpunit": "~4.0",
            "squizlabs/php_codesniffer": "~2.0",
            "symfony/process": "~2.8"
        },
        "time": "2019-05-21T05:25:45+00:00",
        "type": "library",
        "extra": {
            "branch-alias": {
                "dev-master": "2.0-dev"
            }
        },
        "installation-source": "dist",
        "autoload": {
            "psr-4": {
                "Stripe\\": "lib/"
            }
        },
        "notification-url": "https://packagist.org/downloads/",
        "license": [
            "MIT"
        ],
        "authors": [
            {
                "name": "Stripe and contributors",
                "homepage": "https://github.com/stripe/stripe-php/contributors"
            }
        ],
        "description": "Stripe PHP Library",
        "homepage": "https://stripe.com/",
        "keywords": [
            "api",
            "payment processing",
            "stripe"
        ]
    }
]
